Project	Language Code	Prefix	Edits	Editors	Pages	Bytes removed (30d)	Bytes added (30d)	Avg monthly edits	Avg monthly editors
Wikipedia	nup	Wp/nup	5214	43	25197	-1223	634	543	14
Wikipedia	btm	Wp/btm	6845	139	0	0	2091	184	14
Wikiquote	gor	Wq/gor	2741	21	75747	-1246	305	642	13
Wikipedia	iba	Wp/iba	2667	52	6312898	-30674	1053	554	13
Wikipedia	rsk	Wp/rsk	4164	28	299421	-28840	428	574	12
Wiktionary	mad	Wt/mad	7191	22	44131	-240	5496	250	10
Wikipedia	vai	Wp/vai	248	37	20046	-1495	72	26	9
Wikipedia	syl	Wp/syl	12930	75	162740	-216	2542	126	9
Wikipedia	knc	Wp/knc	14224	79	8971	-869	1286	508	9
Wikipedia	ppl	Wp/ppl	3595	102	50362	-144	481	69	9
Wikivoyage	id	Wy/id	18354	143	52773	-1039	2519	160	8
Wikipedia	tdd	Wp/tdd	3366	46	84148	-13068	905	244	8
Wikipedia	dtp	Wp/dtp	8513	118	6	0	2000	228	8
Wikivoyage	cs	Wy/cs	5284	136	10906	-160	696	219	8
Wiktionary	bew	Wt/bew	1472	19	8421	-247	735	155	7
Wikinews	shn	Wn/shn	5344	23	215097	-6639	2340	401	7
Wikipedia	mrt	Wp/mrt	1480	11	274251	-1605	166	620	7
Wiktionary	wsg	Wt/wsg	248	18	95451	-3244	168	172	7
Wikipedia	mnc	Wp/mnc	22364	169	18692	-256	2918	57	6
Wikipedia	kge	Wp/kge	12186	33	540508	-7748	2305	527	6
Wikiquote	ha	Wq/ha	7321	47	60245	-580	1143	883	6
Wiktionary	guc	Wt/guc	1983	50	0	0	753	76	5
Wikivoyage	hbs	Wy/hbs	3308	38	219186	-307	259	54	5
Wikipedia	chn	Wp/chn	3515	38	10	0	346	276	5
Wikipedia	cak	Wp/cak	1411	142	11330	-336	311	12	5
Wikipedia	lua	Wp/lua	1012	22	5934	-10	310	59	5
Wikipedia	nr	Wp/nr	1025	48	67269	-895	238	78	5
Wikibooks	nia	Wb/nia	9359	40	160184	-17789	2053	70	5
Wikipedia	rki	Wp/rki	8027	49	141998	-82	2555	214	5
Wikipedia	bdr	Wp/bdr	2648	48	65161	-4	1019	113	5
Wikiquote	ms	Wq/ms	1827	97	13361	0	776	52	5
Wikivoyage	fur	Wy/fur	90	5	70839	-5998	27	90	5
Wikipedia	mag	Wp/mag	11346	18	2076874	-64501	4409	2796	5
Wikibooks	syl	Wb/syl	2285	18	40733	-24	455	87	4
Wikinews	id	Wn/id	1345	76	0	0	351	12	4
Wikipedia	ann	Wp/ann	2660	42	4408	-9	444	40	4
Wikipedia	ryu	Wp/ryu	10666	211	226	-54	2981	11	4
Wikiquote	syl	Wq/syl	2638	15	83461	-257	544	129	4
Wikipedia	grc	Wp/grc	24193	310	1265	-1826	3776	103	4
Wikipedia	vmf	Wp/vmf	5425	277	43	-12163	396	13	4
Wikipedia	krl	Wp/krl	9274	176	83	-65	2023	9	4
Wikivoyage	syl	Wy/syl	3373	20	42340	-607	707	163	4
Wikipedia	hke	Wp/hke	21	5	5898	-1659	9	5	4
Wiktionary	jac	Wt/jac	23	4	825	-209	10	22	4
Wikinews	ms	Wn/ms	3259	58	250487	-178	958	310	4
Wikipedia	mjx	Wp/mjx	143	8	158	0	44	48	4
Wikipedia	na	Wp/na	53597	1074	133	-48	2292	6	4
Wiktionary	syl	Wt/syl	3630	19	23284	-11	2041	48	4
Wikipedia	khw	Wp/khw	27966	265	835	-332	10021	11	4
Wiktionary	ary	Wt/ary	5101	29	34628	-509	2000	198	4
Wikipedia	wal	Wp/wal	1477	18	352048	-623	761	114	3
Wikipedia	kck	Wp/kck	1109	23	0	-226	428	34	3
Wikinews	vi	Wn/vi	4552	127	0	0	1130	9	3
Wikivoyage	th	Wy/th	2538	60	329	0	328	17	3
Wikipedia	sdc	Wp/sdc	18253	95	866	0	2444	14	3
Wikiquote	ne	Wq/ne	3307	29	0	0	516	13	3
Wiktionary	tcy	Wt/tcy	7473	37	307	0	2622	39	3
Wikipedia	wsg	Wp/wsg	1703	15	5084	-293	185	92	3
Wikipedia	nit	Wp/nit	2195	17	11619	-94	216	35	3
Wikipedia	lus	Wp/lus	3690	88	53	-53	756	7	3
Wikibooks	ga	Wb/ga	11	6	0	0	3	3	3
Wikibooks	wal	Wb/wal	13	3	3235	-50	6	11	3
Wikipedia	ojb	Wp/ojb	838	26	0	0	189	74	3
Wikinews	wal	Wn/wal	11	3	3341	-12	6	11	3
Wikipedia	yua	Wp/yua	9292	197	21	-8	1279	7	3
Wikibooks	bcl	Wb/bcl	267	13	14156	-26	110	57	3
Wikinews	ka	Wn/ka	1891	37	0	0	610	5	3
Wikivoyage	ar	Wy/ar	7909	386	24	-1035	1599	10	3
Wikinews	syl	Wn/syl	4861	24	177740	-370	1084	63	3
Wikipedia	isv	Wp/isv	254	11	326300	-865	117	50	3
Wikipedia	sjd	Wp/sjd	1646	51	383	-2	317	38	3
Wikipedia	cho	Wp/cho	988	51	43	0	128	5	3
Wikipedia	grt	Wp/grt	9	3	0	0	3	9	3
Wikivoyage	diq	Wy/diq	8833	92	31	-88	1903	17	3
Wikipedia	kus	Wp/kus	9537	66	0	0	1386	3	3
Wikivoyage	udm	Wy/udm	5	3	267	-4	2	5	3
Wiktionary	iba	Wt/iba	23	3	129278	0	8	19	3
Wikipedia	qug	Wp/qug	8455	70	0	0	1325	3	3
Wikipedia	aqc	Wp/aqc	156	5	64881	-395	80	77	3
Wikipedia	kj	Wp/kj	123	29	35	0	28	3	3
Wikipedia	bcc	Wp/bcc	5122	96	49	0	1932	3	3
Wikiquote	fat	Wq/fat	38	5	6485	-140	12	4	3
Wiktionary	igl	Wt/igl	17	3	0	0	9	7	2
Wikipedia	luo	Wp/luo	122	16	0	0	46	2	2
Wikipedia	arn	Wp/arn	4741	137	0	-20	625	15	2
Wikipedia	crs	Wp/crs	120	11	36982	-511	58	87	2
Wikipedia	yrl	Wp/yrl	732	42	6	0	155	8	2
Wikipedia	hoc	Wp/hoc	460	37	1989	-198	117	23	2
Wiktionary	mus	Wt/mus	65	2	0	0	60	33	2
Wikibooks	as	Wb/as	706	35	0	0	198	3	2
Wikivoyage	ko	Wy/ko	3884	147	524	0	477	14	2
Wikipedia	bgc	Wp/bgc	770	18	18	0	617	13	2
Wikipedia	sli	Wp/sli	10658	132	3054	-2050	1587	36	2
Wikipedia	hil	Wp/hil	8273	79	13390	-183	2147	19	2
Wikipedia	jax	Wp/jax	769	29	2431	-46	144	15	2
Wikiquote	wal	Wq/wal	10	3	3223	-30	6	8	2
Wikipedia	kjh	Wp/kjh	12708	116	2437	-144	2806	13	2
Wikipedia	mh	Wp/mh	603	67	2254	0	129	11	2
Wikinews	ha	Wn/ha	18	6	2541	-99	4	10	2
Wikipedia	prg	Wp/prg	621	46	0	0	127	5	2
Wikipedia	aii	Wp/aii	165	13	1801	-7	59	103	2
Wikipedia	sus	Wp/sus	6	5	0	0	3	2	2
Wikipedia	eky	Wp/eky	10	2	360	-21	3	9	2
Wikibooks	mnw	Wb/mnw	160	10	0	0	101	2	2
Wiktionary	zea	Wt/zea	9911	54	28762	-91	3425	121	2
Wikinews	rue	Wn/rue	6	2	0	0	2	6	2
Wikivoyage	ms	Wy/ms	289	24	45	0	93	11	2
Wikipedia	phr	Wp/phr	263	19	9844	-2	70	38	2
Wikipedia	acm	Wp/acm	396	12	775	-56	127	23	2
Wikipedia	sip	Wp/sip	7	4	105	0	2	3	2
Wikipedia	sro	Wp/sro	6716	25	974	-96	1200	22	2
Wikipedia	lar	Wp/lar	3	2	0	0	2	3	2
Wikipedia	mak	Wp/mak	1547	39	0	0	410	3	2
Wikivoyage	wal	Wy/wal	4	2	298	-9	3	4	2
Wikipedia	snk	Wp/snk	2	2	0	0	2	2	2
Wikipedia	tiv	Wp/tiv	14	7	5320	0	4	7	2
Wiktionary	ami	Wt/ami	18	5	0	0	4	7	2
Wikivoyage	ca	Wy/ca	1863	74	12	0	134	5	2
Wikipedia	arq	Wp/arq	26903	726	216	-58	1329	5	2
Wikipedia	sdh	Wp/sdh	3605	62	0	0	929	4	2
Wikipedia	bwr	Wp/bwr	202	16	0	0	68	12	2
Wiktionary	mzn	Wt/mzn	129	17	0	0	69	2	2
Wikipedia	apc	Wp/apc	798	42	0	-2	150	4	2
Wikipedia	bgn	Wp/bgn	19493	154	55	-80	7802	4	2
Wikipedia	tyz	Wp/tyz	197	5	0	0	43	3	2
Wiktionary	swu	Wt/swu	38	4	7087	-23	17	17	2
Wikivoyage	si	Wy/si	969	11	2851	0	298	25	2
Wikipedia	ain	Wp/ain	1409	72	0	0	184	6	2
Wikipedia	suz	Wp/suz	10	3	464	-33	3	5	2
Wikiquote	mag	Wq/mag	34	2	0	0	19	34	2
Wiktionary	knc	Wt/knc	375	5	10355	-145	98	32	2
Wikivoyage	ace	Wy/ace	226	6	0	0	66	36	2
Wikinews	bn	Wn/bn	7290	66	67962	-13881	1577	495	2
Wikivoyage	hu	Wy/hu	810	36	43	0	238	18	2
Wiktionary	sat	Wt/sat	10688	41	42401	-68	2138	3	2
Wikipedia	mos	Wp/mos	23454	120	118932	-5327	1428	30	2
Wikinews	az	Wn/az	7443	82	0	0	2174	6	2
Wikipedia	abr	Wp/abr	5	2	1174	0	3	5	2
Wikipedia	bra	Wp/bra	16	2	12745	-1	13	16	2
Wiktionary	ce	Wt/ce	61	7	0	0	24	16	2
Wikiquote	sh	Wq/sh	255	14	0	0	73	5	2
Wiktionary	wal	Wt/wal	36	2	54	-73	28	5	2
Wikipedia	aa	Wp/aa	312	72	973	0	62	14	2
Wikipedia	bin	Wp/bin	9	2	0	0	4	5	2
Wikipedia	tdg	Wp/tdg	5	2	223	-4	2	5	2
Wikipedia	gaa	Wp/gaa	565	37	0	0	119	5	2
Wikipedia	jye	Wp/jye	3	2	147	-4	2	3	2
Wikipedia	lue	Wp/lue	33	2	0	0	13	17	2
Wikibooks	skr	Wb/skr	714	29	0	0	140	4	2
Wikipedia	btx	Wp/btx	50	18	0	0	11	6	2
Wikipedia	cpx	Wp/cpx	5893	56	0	0	2658	2	2
Wikipedia	tzm	Wp/tzm	5186	115	0	0	832	3	2
Wiktionary	ba	Wt/ba	4987	47	0	0	1537	2	2
Wikipedia	jje	Wp/jje	4007	63	0	0	951	3	2
Wiktionary	gil	Wt/gil	61	2	0	0	44	61	2
Wikibooks	rue	Wb/rue	6	2	0	0	2	3	2
Wikipedia	mxt	Wp/mxt	740	35	0	0	119	2	2
Wikipedia	sxr	Wp/sxr	1935	42	10900	0	668	210	2
Wikipedia	cnr	Wp/cnr	12988	148	765	0	2065	8	2
Wikipedia	esg	Wp/esg	32	3	887	-247	2	10	2
Wikipedia	yah	Wp/yah	38	12	0	0	20	2	2
Wikipedia	nod	Wp/nod	3704	59	70353	-33817	640	65	2
Wikinews	si	Wn/si	1224	28	14922	0	380	49	2
Wikivoyage	pa	Wy/pa	91	9	0	0	38	30	2
Wikipedia	sla	Wp/sla	46	7	0	0	1	2	2
Wikipedia	sty	Wp/sty	1937	67	1	-1	300	2	2
Wikipedia	ttt	Wp/ttt	322	24	0	0	108	27	2
Wikipedia	ekp	Wp/ekp	12	4	2943	-2669	6	4	2
Wikipedia	gur	Wp/gur	22	11	1023	-1023	1	2	2
Wikipedia	isk	Wp/isk	22	2	0	0	16	11	2
Wikiquote	sw	Wq/sw	777	44	129	0	508	24	2
Wikibooks	mni	Wb/mni	495	8	0	0	250	10	2
Wikinews	azb	Wn/azb	323	16	0	0	104	5	2
Wikipedia	acf	Wp/acf	278	29	17	-21	39	4	2
Wikipedia	rif	Wp/rif	3910	123	0	0	509	30	2
Wikipedia	brh	Wp/brh	4584	68	8	0	1234	2	2
Wikipedia	wls	Wp/wls	3607	44	0	0	784	3	2
Wikipedia	gju	Wp/gju	56	11	107	0	10	7	2
Wikiquote	si	Wq/si	1644	16	8554	-37	464	55	2
Wiktionary	jax	Wt/jax	3	2	0	0	2	3	2
Wikipedia	kyu	Wp/kyu	10	5	0	0	5	5	2
Wikivoyage	ml	Wy/ml	1956	65	135	-307	257	7	2
Wikipedia	aae	Wp/aae	1377	14	0	0	372	13	2
Wikipedia	smw	Wp/smw	28	15	0	0	9	5	1
Wikipedia	bzs	Wp/bzs	254	28	0	0	13	4	1
Wikipedia	tea	Wp/tea	3	1	232	0	1	2	1
Wikipedia	dar	Wp/dar	2750	66	14	0	526	25	1
Wikipedia	gay	Wp/gay	77	21	0	0	12	1	1
Wikiquote	aa	Wq/aa	6	2	21	0	3	2	1
Wikipedia	hsn	Wp/hsn	843	61	0	0	146	3	1
Wiktionary	bxr	Wt/bxr	61	10	6127	0	23	14	1
Wikiquote	pa	Wq/pa	225	20	0	0	52	1	1
Wiktionary	ain	Wt/ain	98	6	0	0	14	1	1
Wikipedia	ksw	Wp/ksw	1248	29	10812	-11	367	5	1
Wiktionary	nus	Wt/nus	3	1	0	0	2	3	1
Wikibooks	ee	Wb/ee	1	1	0	0	1	1	1
Wiktionary	tzm	Wt/tzm	36	10	0	0	15	1	1
Wikipedia	mkn	Wp/mkn	534	18	0	0	180	1	1
Wikivoyage	bg	Wy/bg	495	26	125	-65	127	2	1
Wikipedia	nd	Wp/nd	374	40	0	0	84	2	1
Wikinews	lv	Wn/lv	10	3	0	0	6	3	1
Wikivoyage	la	Wy/la	578	21	0	0	95	1	1
Wikipedia	nys	Wp/nys	13323	132	329	0	797	3	1
Wikipedia	qwh	Wp/qwh	5045	60	0	0	807	2	1
Wikipedia	bhb	Wp/bhb	7	4	0	0	3	1	1
Wikipedia	sma	Wp/sma	976	57	0	0	231	1	1
Wikipedia	btz	Wp/btz	151	23	0	0	26	5	1
Wikipedia	tbz	Wp/tbz	7	2	0	0	4	1	1
Wikipedia	fkv	Wp/fkv	2866	53	0	0	643	2	1
Wiktionary	ban	Wt/ban	2720	52	0	0	1003	4	1
Wikipedia	jkr	Wp/jkr	15	1	0	0	13	15	1
Wiktionary	ab	Wt/ab	125	17	0	0	80	2	1
Wikipedia	kri	Wp/kri	2377	59	1394	-170	1323	2	1
Wikipedia	lrc	Wp/lrc	229	23	226	0	90	1	1
Wikipedia	min	Wp/min	7	6	0	0	1	1	1
Wikibooks	sat	Wb/sat	30	6	0	0	12	1	1
Wikivoyage	azb	Wy/azb	1625	25	54	0	733	1	1
Wikipedia	myr	Wp/myr	9	3	0	0	3	1	1
Wikinews	tly	Wn/tly	6	5	0	0	3	1	1
Wikivoyage	sq	Wy/sq	88	14	0	0	19	3	1
Wikipedia	pzh	Wp/pzh	2808	21	0	0	563	1	1
Wikipedia	bto	Wp/bto	5188	63	1210	0	1899	2	1
Wikipedia	sxu	Wp/sxu	178	34	0	0	31	1	1
Wikipedia	cop	Wp/cop	9803	96	146	0	1722	98	1
Wikipedia	txn	Wp/txn	1	1	0	0	1	1	1
Wikipedia	esu	Wp/esu	1483	35	0	0	312	1	1
Wikipedia	yai	Wp/yai	902	48	0	0	270	25	1
Wikiquote	mt	Wq/mt	18	4	982	-242	13	7	1
Wiktionary	frp	Wt/frp	916	10	0	0	255	11	1
Wikipedia	lki	Wp/lki	7081	67	39	0	3259	1	1
Wiktionary	ssf	Wt/ssf	1853	13	0	0	1453	1	1
Wikibooks	olo	Wb/olo	1	1	0	0	1	1	1
Wikivoyage	af	Wy/af	141	7	0	0	80	2	1
Wikipedia	mvf	Wp/mvf	643	43	0	0	106	2	1
Wikipedia	non	Wp/non	745	57	62	0	120	1	1
Wikinews	skr	Wn/skr	226	20	0	0	79	3	1
Wikivoyage	ryu	Wy/ryu	308	15	0	0	110	1	1
Wikipedia	rmq	Wp/rmq	65	5	0	0	10	25	1
Wikipedia	bfa	Wp/bfa	9	4	0	0	5	1	1
Wikipedia	brx	Wp/brx	1709	43	68	0	613	4	1
Wikipedia	ckt	Wp/ckt	2808	75	56	0	577	2	1
Wikipedia	tun	Wp/tun	239	12	2761	-133	31	38	1
Wikipedia	xsr	Wp/xsr	12	4	145	0	3	2	1
Wikipedia	gvr	Wp/gvr	21	9	41	0	6	1	1
Wikiquote	jax	Wq/jax	1	1	0	0	1	1	1
Wikipedia	ist	Wp/ist	117	19	0	0	26	1	1
Wiktionary	dty	Wt/dty	779	10	1523	0	365	8	1
Wikipedia	kim	Wp/kim	17	4	0	0	4	3	1
Wiktionary	ki	Wt/ki	67	7	0	0	42	1	1
Wikipedia	lif	Wp/lif	142	22	12	0	20	1	1
Wiktionary	sgh	Wt/sgh	2	1	0	0	1	2	1
Wikipedia	mfb	Wp/mfb	134	15	0	0	24	1	1
Wikipedia	mua	Wp/mua	10	7	303	0	4	1	1
Wikinews	be	Wn/be	810	21	5522	-5502	394	4	1
Wikipedia	nmz	Wp/nmz	21	4	1	-1	6	2	1
Wikipedia	rjs	Wp/rjs	681	7	37	0	64	1	1
Wikipedia	bci	Wp/bci	201	14	1000	0	29	1	1
Wikipedia	tmr	Wp/tmr	959	26	0	0	157	35	1
Wikipedia	dng	Wp/dng	517	54	0	0	141	6	1
Wikipedia	ii	Wp/ii	2801	74	0	0	910	4	1
Wiktionary	crh	Wt/crh	970	14	0	0	270	1	1
Wikiquote	skr	Wq/skr	142	10	679	0	69	2	1
Wikipedia	kfs	Wp/kfs	8	3	134	0	4	2	1
Wiktionary	jkr	Wt/jkr	14	1	0	0	14	14	1
Wiktionary	arz	Wt/arz	3403	49	0	0	555	1	1
Wiktionary	rgn	Wt/rgn	39	9	0	0	15	1	1
Wikibooks	lad	Wb/lad	728	17	0	0	353	5	1
Wiktionary	wuu	Wt/wuu	71267	36	0	0	34414	59	1
Wikipedia	mor	Wp/mor	4	2	0	0	3	3	1
Wikinews	anp	Wn/anp	144	10	0	0	70	3	1
Wikivoyage	da	Wy/da	2961	64	0	0	472	4	1
Wikinews	nia	Wn/nia	232	8	0	0	70	7	1
Wikivoyage	mn	Wy/mn	76	9	0	0	16	1	1
Wikipedia	otq	Wp/otq	14	8	0	0	7	1	1
Wikipedia	abq	Wp/abq	128	32	0	0	25	1	1
Wikipedia	rej	Wp/rej	732	45	7	0	155	1	1
Wikipedia	bal	Wp/bal	617	44	3	0	238	1	1
Wikipedia	sgh	Wp/sgh	302	32	833	-30	102	7	1
Wikipedia	bqi	Wp/bqi	10	7	16	0	3	1	1
Wikipedia	ddn	Wp/ddn	257	32	43	0	73	1	1
Wikipedia	wbl	Wp/wbl	122	22	224	0	55	2	1
Wikipedia	gbm	Wp/gbm	248	21	65	-3	45	8	1
Wikiquote	an	Wq/an	112	13	0	0	36	36	1
Wikipedia	hz	Wp/hz	606	86	0	0	110	1	1
Wiktionary	cbk	Wt/cbk	330	7	0	0	109	2	1
Wikiquote	ps	Wq/ps	368	30	0	0	147	4	1
Wikipedia	kek	Wp/kek	142	26	43	0	58	1	1
Wiktionary	ilo	Wt/ilo	29	7	0	0	9	1	1
Wikipedia	kum	Wp/kum	6710	81	0	0	838	3	1
Wiktionary	oaa	Wt/oaa	449	4	0	0	145	1	1
Wiktionary	ve	Wt/ve	104	1	0	0	94	52	1
Wikipedia	ng	Wp/ng	687	78	246	0	81	2	1
Wikinews	mni	Wn/mni	140	9	0	0	40	1	1
Wikivoyage	lt	Wy/lt	92	13	25	0	22	1	1
Wikivoyage	tt	Wy/tt	314	18	44	0	106	3	1
Wikipedia	rad	Wp/rad	157	2	1229	-20	27	14	1
Wikipedia	bhh	Wp/bhh	109	12	0	0	32	22	1
Wikipedia	smj	Wp/smj	266	19	0	0	66	2	1
Wikipedia	czh	Wp/czh	17	7	0	0	9	2	1
Wikipedia	frs	Wp/frs	1154	14	0	0	195	1	1
Wikipedia	hoj	Wp/hoj	42	5	45	0	18	4	1
Wikiquote	olo	Wq/olo	1	1	0	0	1	1	1
Wikipedia	jra	Wp/jra	1	1	0	0	1	1	1
Wiktionary	ht	Wt/ht	1710	38	3910	-1	557	5	1
Wiktionary	ace	Wt/ace	45	15	0	0	10	1	1
Wiktionary	tum	Wt/tum	360	9	129	0	106	1	1
Wikipedia	mjw	Wp/mjw	13	3	0	0	4	1	1
Wikibooks	se	Wb/se	138	13	0	0	31	2	1
Wikivoyage	ba	Wy/ba	418	15	0	0	54	2	1
Wikipedia	mzs	Wp/mzs	216	12	0	0	87	1	1
Wikivoyage	kri	Wy/kri	34	2	0	0	8	3	1
Wikipedia	nus	Wp/nus	14	4	0	0	8	5	1
Wikinews	tr	Wn/tr	121	14	0	0	52	1	1
Wikipedia	quc	Wp/quc	202	39	43	0	62	1	1
Wikipedia	saz	Wp/saz	51	19	0	0	15	1	1
Wikipedia	slr	Wp/slr	1345	81	15	0	418	2	1
Wikipedia	bts	Wp/bts	15	4	0	0	3	7	1
Wikipedia	cps	Wp/cps	726	29	0	0	123	1	1
Wikipedia	evn	Wp/evn	345	52	0	0	49	1	1
Wikipedia	yoi	Wp/yoi	183	17	202	0	29	1	1
Wikiquote	mvf	Wq/mvf	8	1	0	0	6	8	1
Wikipedia	jdt	Wp/jdt	116	26	0	0	37	5	1
Wiktionary	fur	Wt/fur	101	9	124	0	47	1	1
Wikiquote	xmf	Wq/xmf	89	6	0	0	36	1	1
Wikipedia	kmz	Wp/kmz	123	25	46	0	39	1	1
Wiktionary	mag	Wt/mag	69	2	256536	0	35	14	1
Wikipedia	lkt	Wp/lkt	1467	68	0	0	321	1	1
Wikibooks	aa	Wb/aa	47	26	0	0	4	3	1
Wikipedia	mic	Wp/mic	1566	33	0	0	295	1	1
Wikibooks	or	Wb/or	308	15	0	0	6	2	1
Wikipedia	mww	Wp/mww	369	47	1029	-1194	106	6	1
Wikinews	hi	Wn/hi	1092	53	0	0	270	1	1
Wikivoyage	kaa	Wy/kaa	1	1	0	0	1	1	1
Wikipedia	pse	Wp/pse	121	36	0	0	53	1	1
Wikipedia	bfq	Wp/bfq	185	17	51	0	43	2	1
Wikipedia	btd	Wp/btd	92	23	0	0	18	6	1
Wikipedia	ckv	Wp/ckv	423	19	0	0	125	1	1
Wikipedia	tuq	Wp/tuq	39	4	0	0	8	3	1
Wikipedia	elm	Wp/elm	26	7	0	0	8	1	1
Wikipedia	xug	Wp/xug	23	12	0	0	7	1	1
Wikipedia	gyn	Wp/gyn	97	7	0	0	15	1	1
Wiktionary	dz	Wt/dz	12	9	0	0	5	1	1
Wikiquote	tn	Wq/tn	123	10	1872	0	47	1	1
Wikipedia	kip	Wp/kip	1426	19	56	-127	158	4	1
Wikipedia	liv	Wp/liv	10055	117	0	0	1092	1	1
Wiktionary	shi	Wt/shi	1577	22	1339	-5	510	6	1
Wikipedia	mfe	Wp/mfe	520	45	0	0	110	1	1
Wikipedia	mui	Wp/mui	1652	42	0	-38	244	2	1
Wikipedia	nnp	Wp/nnp	1	1	7	0	1	1	1
Wikivoyage	ne	Wy/ne	215	18	0	0	42	2	1
Wikipedia	poq	Wp/poq	2	2	0	-7	1	1	1
Wikipedia	aeb	Wp/aeb	402	44	0	0	102	1	1
Wikipedia	ssf	Wp/ssf	3118	57	0	0	1450	1	1
Wikipedia	trw	Wp/trw	44	9	175	0	15	1	1
Wikipedia	wym	Wp/wym	1685	57	0	0	229	1	1
Wikiquote	grc	Wq/grc	409	19	0	0	56	1	1
Wikipedia	ish	Wp/ish	88	7	313	-12	49	6	1
Wiktionary	ddo	Wt/ddo	265	1	37441	0	254	245	1
Wikiquote	sn	Wq/sn	133	3	0	0	51	8	1
Wiktionary	kab	Wt/kab	1208	36	0	0	461	3	1
Wikipedia	lbj	Wp/lbj	19	4	107	0	7	1	1
Wikipedia	mey	Wp/mey	72	4	0	0	18	22	1
Wikibooks	mh	Wb/mh	1	1	0	0	1	1	1
Wiktionary	wym	Wt/wym	1023	8	0	0	545	119	1
Wikipedia	niv	Wp/niv	60	25	35	0	9	1	1
Wikinews	nv	Wn/nv	2	2	0	-17	1	1	1
Wikivoyage	mni	Wy/mni	38	10	72	-28	11	1	1
Wikipedia	pcc	Wp/pcc	34	13	0	0	8	3	1
Wikipedia	rhg	Wp/rhg	28	8	0	0	13	1	1
Wikipedia	bca	Wp/bca	1455	7	0	-60	900	3	1
Wikipedia	sgj	Wp/sgj	28	4	10	0	12	1	1
Wikipedia	srb	Wp/srb	15	6	0	0	7	1	1
Wikipedia	ccp	Wp/ccp	181	22	32730	-402	42	2	1
Wikipedia	tkl	Wp/tkl	395	35	0	0	126	1	1
Wikipedia	ddo	Wp/ddo	47	19	6664	0	13	12	1
Wikipedia	wep	Wp/wep	33	10	0	0	14	1	1
Wikipedia	gil	Wp/gil	337	24	0	0	61	1	1
Wikiquote	ary	Wq/ary	2	2	0	0	2	1	1
Wikipedia	kff	Wp/kff	7	1	680	-61	3	6	1
Wiktionary	arn	Wt/arn	338	14	0	0	51	15	1
Wiktionary	pag	Wt/pag	2406	8	0	0	2345	1	1
Wikipedia	lzz	Wp/lzz	2443	59	0	-1	798	1	1
Wikibooks	ha	Wb/ha	40	19	0	0	13	1	1
Wikipedia	mnp	Wp/mnp	1039	35	869	0	370	1	1
Wikinews	ace	Wn/ace	45	4	0	0	10	1	1
Wikivoyage	co	Wy/co	65	8	0	0	12	2	1
Wikipedia	nia	Wp/nia	13	6	0	0	1	3	1
Wikivoyage	lv	Wy/lv	1377	29	0	-27	319	1	1
Wikipedia	ood	Wp/ood	163	13	0	-26	21	1	1
Wikipedia	raj	Wp/raj	148	30	124	0	47	5	1
Wikipedia	ase	Wp/ase	1583	37	0	0	361	1	1
Wikipedia	sel	Wp/sel	524	30	3612	0	141	3	1
Wikipedia	sms	Wp/sms	1776	25	0	0	295	1	1
Wikipedia	bzj	Wp/bzj	746	18	0	0	242	10	1
Wikipedia	czo	Wp/czo	100	7	0	0	48	2	1
Wikipedia	vmw	Wp/vmw	3099	104	0	0	1011	9	1
Wikipedia	zmi	Wp/zmi	168	4	1671288	-3375	138	2	1
Wikipedia	hrx	Wp/hrx	2729	37	0	0	392	3	1
Wiktionary	bra	Wt/bra	2	1	123	-20	1	2	1
Wikiquote	or	Wq/or	1805	42	0	-91	266	1	1
Wiktionary	acm	Wt/acm	27	2	0	0	8	14	1
Wikipedia	kru	Wp/kru	16	3	0	0	6	1	1
Wiktionary	ng	Wt/ng	12	1	1015	-164	8	12	1
Wikibooks	dtp	Wb/dtp	30	10	5	0	7	1	1
Wiktionary	tyz	Wt/tyz	23	2	0	0	11	1	1
Wikivoyage	be	Wy/be	403	31	6895	0	96	4	1
Wikinews	kaa	Wn/kaa	275	7	0	0	113	2	1
Wikivoyage	ky	Wy/ky	55	8	0	0	12	1	1
Wikipedia	nxq	Wp/nxq	4	2	0	0	2	1	1
Wikinews	ur	Wn/ur	8886	32	0	0	4007	1	1
Wikivoyage	ta	Wy/ta	818	33	0	0	288	1	1
Wikipedia	sda	Wp/sda	3	2	0	0	1	2	1
Wikipedia	bgp	Wp/bgp	57	16	0	0	19	3	1
Wikipedia	sly	Wp/sly	261	19	0	0	163	138	1
Wikipedia	taj	Wp/taj	288	21	6	0	100	1	1
Wikipedia	fit	Wp/fit	11009	85	0	0	1845	73	1
Wikipedia	yrk	Wp/yrk	856	67	74	0	138	1	1
Wikipedia	hne	Wp/hne	69	17	417	-9	29	5	1
Wikiquote	my	Wq/my	337	12	0	0	114	1	1
Wikiquote	yue	Wq/yue	1266	40	0	0	427	1	1
Wiktionary	mh	Wt/mh	1579	7	0	0	677	5	1
Wikipedia	lou	Wp/lou	191	5	0	0	60	1	1
Wikibooks	agx	Wb/agx	1	1	0	0	1	1	1
Wikipedia	mid	Wp/mid	120	2	2173	0	40	3	1
Wikivoyage	az	Wy/az	802	32	0	0	134	26	1
Wikinews	hu	Wn/hu	7483	160	0	0	1150	3	1
Wikivoyage	kk	Wy/kk	58	8	0	-24	19	1	1
Wikipedia	nrm	Wp/nrm	23	3	0	0	1	2	1
Wikinews	tg	Wn/tg	803	18	0	0	419	1	1
Wikivoyage	sk	Wy/sk	1484	33	146	0	270	11	1
Wikipedia	pua	Wp/pua	115	16	0	0	17	1	1
Wikipedia	akb	Wp/akb	47	16	0	0	7	4	1
Wikipedia	rtm	Wp/rtm	71	16	89	0	17	1	1
Wikipedia	bft	Wp/bft	48	10	54	0	15	1	1
Wikipedia	tvx	Wp/tvx	6052	13	0	-53	1403	1	1
Wikipedia	haa	Wp/haa	7	2	0	0	6	1	1
Wikipedia	izh	Wp/izh	334	43	1743	0	20	4	1
Wiktionary	evn	Wt/evn	75	4	0	0	27	1	1
Wikiquote	tt	Wq/tt	2227	38	0	0	342	9	1
Wiktionary	lfn	Wt/lfn	546	12	0	0	130	1	1
Wikipedia	ljp	Wp/ljp	96	24	0	0	24	3	1
Wiktionary	sn	Wt/sn	2848	7	266	0	1557	84	1
Wikipedia	mgp	Wp/mgp	70	9	0	0	9	1	1
Wikibooks	nv	Wb/nv	2	2	0	-17	1	1	1
Wikivoyage	acm	Wy/acm	2	1	0	0	1	2	1
Wikipedia	mus	Wp/mus	160	34	0	0	30	3	1
Wikinews	gv	Wn/gv	5	2	0	0	1	4	1
Wikivoyage	hy	Wy/hy	632	56	118	0	160	1	1
Wikipedia	ahr	Wp/ahr	87	16	334	0	9	1	1
Wikipedia	rmc	Wp/rmc	7113	35	0	0	1788	36	1
Wikipedia	bem	Wp/bem	5	5	0	0	3	1	1
Wikipedia	cjy	Wp/cjy	304	23	24	0	150	1	1
Wikipedia	xkv	Wp/xkv	133	11	43	0	54	1	1
Wiktionary	dtp	Wt/dtp	113	13	6	0	41	1	1
Wiktionary	ket	Wt/ket	1	1	0	0	1	1	1
Wikipedia	lep	Wp/lep	230	7	42	-12	64	4	1
Wiktionary	sco	Wt/sco	6216	297	0	0	1734	1	1
Wikipedia	mfa	Wp/mfa	283	24	30398	-215	44	86	1
Wiktionary	za	Wt/za	604	38	0	0	177	1	1
Wikipedia	njo	Wp/njo	165	19	0	0	14	1	1
Wikinews	or	Wn/or	92	8	0	0	31	1	1
Wikivoyage	mr	Wy/mr	813	24	0	0	136	3	1
Wikipedia	pdt	Wp/pdt	1794	62	43	0	322	1	1
Wikipedia	sgy	Wp/sgy	6	1	0	0	5	6	1
Wikipedia	srh	Wp/srh	35	7	111	0	14	3	1
Wikipedia	chb	Wp/chb	483	9	0	0	69	2	1
Wikipedia	tlh	Wp/tlh	19	8	0	0	2	2	1
Wikipedia	dje	Wp/dje	3	2	0	0	2	1	1
Wikipedia	igl	Wp/igl	22505	82	0	0	722	3	1
Wiktionary	chy	Wt/chy	86	2	0	0	60	3	1
Wikipedia	kfr	Wp/kfr	192	22	301	0	51	2	1
Wiktionary	pms	Wt/pms	9609	32	0	0	2756	2	1
Wikibooks	ie	Wb/ie	39	7	86	0	13	2	1
Wikipedia	mns	Wp/mns	694	32	0	0	130	1	1
Wikinews	af	Wn/af	301	17	0	0	134	1	1
Wikipedia	nij	Wp/nij	141	16	142032	-1201	34	15	1
Wikinews	ne	Wn/ne	853	26	0	0	194	2	1
Wikipedia	orh	Wp/orh	42	5	0	0	6	1	1
Wikivoyage	ur	Wy/ur	810	25	0	-382	284	2	1
Wikipedia	rcf	Wp/rcf	430	21	0	0	68	1	1
Wikipedia	atv	Wp/atv	202	52	0	0	36	3	1
Wikipedia	ses	Wp/ses	33	7	0	0	17	1	1
Wikipedia	bol	Wp/bol	1711	47	134	0	469	2	1
